FName,LName,Email,Gender,DOB,Address,State
Dewie,Hamshere,dhamshere1@weather.com,Male,7/27/1986,72846 Barby Terrace,TX
Sinclare,Rowet,srowet2@taobao.com,Male,12/12/1981,57805 Utah Crossing,CA
Hubie,Milmo,hmilmo3@fda.gov,Male,6/4/1983,23683 Superior Point,PA
Benedicta,Morillas,bmorillas4@t-online.de,Female,2/5/1988,1 Moulton Circle,DC
Pepillo,Barens,pbarens5@seesaa.net,Genderqueer,5/22/1995,187 Onsgard Drive,MD
Thorn,McDermot,tmcdermot6@ted.com,Male,5/15/1988,32 Vera Crossing,TX
Tabbie,Janosevic,tjanosevic7@csmonitor.com,Male,12/9/1989,0580 Stone Corner Parkway,CA
Kevin,St Quenin,kstquenin8@simplemachines.org,Male,4/5/1985,6230 Laurel Park,CA
Yancy,Gascoyne,ygascoyne9@ca.gov,Male,8/18/1996,92 Stephen Court,FL
Vanda,McIlmurray,vmcilmurraya@cnn.com,Female,9/18/2001,0451 Glacier Hill Street,CA
Meryl,Bransby,mbransbyb@opera.com,Female,11/27/1996,3019 Elgar Way,ID
Trevar,MacNeice,tmacneicec@elegantthemes.com,Male,10/5/1994,6829 Merrick Avenue,NM
Bale,Davidovich,bdavidovichd@usnews.com,Male,6/4/1989,7 Truax Place,TX
Rivalee,Ellerbeck,rellerbecke@japanpost.jp,Female,4/25/2001,17544 Waxwing Circle,NH
Stevy,Meaders,smeadersf@webnode.com,Male,6/2/2001,2114 Bellgrove Junction,NC
Cos,Cully,ccullyg@ox.ac.uk,Male,3/7/1998,924 Shopko Plaza,IL